{
  "run_tag": "local_verify_tau123_tn_2026-05-02_v2",
  "nqubits": 4,
  "nclasses": 4,
  "circuit": "qcnn",
  "seed": 7,
  "basis_bits": "0000",
  "noise_types": [
    "bit_flip"
  ],
  "noise_strengths": [
    0.02
  ],
  "niters": 4,
  "max_dm": 2,
  "mixed_noise": false,
  "cases": [
    {
      "ranked_outcome_indices": [
        2,
        0,
        1,
        3
      ],
      "ranked_probabilities": [
        0.2771517312932615,
        0.26904809421716014,
        0.2273722974868944,
        0.22642787700268396
      ],
      "clean_probabilities": [
        0.32259558033012575,
        0.18522976366262986,
        0.3205113326534325,
        0.1716633233538119
      ],
      "noisy_probabilities": [
        0.26904809421716014,
        0.2273722974868944,
        0.2771517312932615,
        0.22642787700268396
      ],
      "y0": 0.2771517312932615,
      "y1": 0.26904809421716014,
      "y2": 0.2273722974868944,
      "y3": 0.22642787700268396,
      "R_rho": 1.0301196598313778,
      "sqrt_y0_over_y1": 1.0149481069647737,
      "tau1": 0.0033348188956819225,
      "tau2": 0.0,
      "tau3": null,
      "kappa_star": null,
      "kappa_star_is_infinite": true,
      "per_measurement": [
        {
          "rank": 0,
          "measurement_index": 2,
          "y_k": 0.2771517312932615,
          "lambda_k_m": 0.0,
          "lambda_k_M": 1.0,
          "Delta_k": 1.0,
          "kappa_k": null,
          "kappa_k_is_infinite": true,
          "tau_k_0_condition": true,
          "tau_k_1_condition": true,
          "tau_k_0": 0.004081877385074682,
          "tau_k_1": 0.004142893724843882,
          "pairwise_min_tau": 0.004081877385074682
        },
        {
          "rank": 1,
          "measurement_index": 0,
          "y_k": 0.26904809421716014,
          "lambda_k_m": 0.0,
          "lambda_k_M": 1.0,
          "Delta_k": 1.0,
          "kappa_k": null,
          "kappa_k_is_infinite": true,
          "tau_k_0_condition": true,
          "tau_k_1_condition": true,
          "tau_k_0": 0.003962527407488613,
          "tau_k_1": 0.004021759691026613,
          "pairwise_min_tau": 0.003962527407488613
        },
        {
          "rank": 2,
          "measurement_index": 1,
          "y_k": 0.2273722974868944,
          "lambda_k_m": 0.0,
          "lambda_k_M": 1.0,
          "Delta_k": 1.0,
          "kappa_k": null,
          "kappa_k_is_infinite": true,
          "tau_k_0_condition": true,
          "tau_k_1_condition": true,
          "tau_k_0": 0.0033487282752066735,
          "tau_k_1": 0.003398785423660436,
          "pairwise_min_tau": 0.0033487282752066735
        },
        {
          "rank": 3,
          "measurement_index": 3,
          "y_k": 0.22642787700268396,
          "lambda_k_m": 0.0,
          "lambda_k_M": 1.0,
          "Delta_k": 1.0,
          "kappa_k": null,
          "kappa_k_is_infinite": true,
          "tau_k_0_condition": true,
          "tau_k_1_condition": true,
          "tau_k_0": 0.0033348188956819225,
          "tau_k_1": 0.0033846681252427354,
          "pairwise_min_tau": 0.0033348188956819225
        }
      ],
      "tau4_status": "not_implemented_for_large_n_mixed_state",
      "tau5_status": "not_implemented_for_noisy_ansatz_mixed_state_attack",
      "noise_type": "bit_flip",
      "noise_strength": 0.02,
      "probability_method": "tn_effective_measurement_basis_state",
      "elapsed_seconds": 3.310678005218506
    }
  ],
  "notes": [
    "tau1/tau2 use noisy-ansatz effective measurement extrema via TN + power iteration.",
    "tau3 is reported only for depolarizing noise.",
    "tau4/tau5 are intentionally marked unresolved here for mixed-state noisy-ansatz large-n runs."
  ],
  "output_json": "/home/young_isacs/work/NoiseSimulation/logs/tau123_scalability__run_tag=local_verify_tau123_tn_2026-05-02_v2__date=2026-05-02__n=4__c=4__circuit=qcnn.json",
  "total_elapsed_seconds": 3.3107147216796875
}